а,а,
Авария,"аварии
аварийного
Аварийный",
авиа,авиа,
Авиакатастрофа,"Авиакатастрофа
авиакатастрофы",
авиатранспорт,авиатранспорте,
авиационный,авиационном,
авто,"авто
автомобильном
автотранспорте",
автономный,автономной,
административный,административно,
акт,"акт
акта",
Антитеррористическая,"Антитеррористическая
антитеррористическое",
аппарат,аппарата,
атмосфера,"атмосферном
атмосферы",
АХОВ,ахов,дактиль
аэропорт,аэропорту,
бассейна,бассейн,
без,без,
безопасность,безопасности,
берег,береговой,
биология,биологически,
БОВ,,дактиль
боеприпасы,боеприпасов,
болезнь,"болезни
болезнь",
бруцеллез,бруцеллезом,
Будет,Будет,
Буран,Буран,
бурь,"Бури
буровыми
буровых
бурь",
был,"Произошел
Произошела
Произошла
Произошло
Произлошли ",
в,в,
Ваш,"Ваша
Ваших",
введения,"введения
вводится",
вдоль,вдоль,
ветер,"ветер
ветра",
вещество,"веществ
веществами
веществом",
вещь,тела,инородное тело
взрыв,"взрыв
взрыва
взрывом
взрывчатых
взрывы",
вид,виде,
Видимость,Видимость,
вирус,вирусным,
Внезапное,"внезапного
Внезапное",
Внимание,Внимание,
вновь,вновь,
внутри дом,внутридомового,
вода,"вод
воды
водах
воде
водного
водную
водных
водоема
водоемах
водой",
водохранилища,водохранилища,
воздух,воздухе,
возможно,возможным,
Возникновение,"Возникновение
возникновением
возникновении
возникновения",
волна,"волны
волн",
волнение,"волнение
волнения",
волны,"волны
",
вредитель,вредителей,
вредно,вредных,
все,всем,
вследствие,вследствие,
вспышка,вспышки,
Въезд,Въезд,
выброс,"выброс
выброса
выбросом",
выезд,выезд,
выпадение,выпадения,
выработки,"выработках
выработки
выработок",
Высоко,"высокие
выше
Высокий
высокого",
Выход,"Выход
выхода",
выходить,выходить,
газ,"газ
газа
газов
газовая
газового
газовых",
газ конденсат,газоконденсатных,
газ нефть продукт провод,газонефтепродуктопровода,
газ полный,"газонаполнительной
газонаполнительных",
газ похожий,газообразными,
газ провод,газопроводах,
геморрагической,"геморрагические
геморрагической
геморрагическая
",
гепатит,гепатитом,
гибель,"гибели
гибель",
гидро электр станция,гидроэлектростанции,
глина,глинистой,
гололед,"гололед
гололеда",
гора,горных,
гора руда,горнорудной,
горючий,горючих,
горячий,горячей,
государства,государств,
град,град,
Гроза,"Гроза
грозы",
грузовой,грузовых,
груз подъем,"грузоподъемного 
грузоподъемных ",
грунте,"грунте
грунтовых",
ГЭС,гэс,дактиль
Движение,"Движение
движения",
дежурный диспетчер,дежурно-диспетчерской,
Действие,Действуйте,
деление,"деление
деления",
,,
дети,"детей
детских",
дикий,диких,
для,для,дактиль
до,до,дактиль
добывать,добычи,
дождь,"Дождевые
дождевых
дожди
дождь
дождя",
долго,долговременного,
дом,"домах
доме",
допустимых,допустимый,
дорога,"автодороге
автодорожного
дорог
дорогами
дорогах
Трасса
трассу",
другой,"других
прочих
другой",
ДЧС,дчс,дактиль
дымоход,дымоходе,
его,его,
единый,единой,
еще,также,
жара,"жара
жары",
жд транспорт,ждтранспорте,
железнодорожный,"ж/д
железнодорожном
жд",
желтый,"желтой
желтый
желтого",
животные,"животными
животных",
жизнь обеспечить,жизнеобеспечения,
жизнь,"жизнь
жилого
жилом",
за,за,
заболевание,"заболевание
заболеваний
заболевания",
завершить,завершена,
Загрязнение,"Загрязнение
загрязнения
загрязняющих",
зажоры,"зажоров
зажоры",
закрыто,"закрыта
закрыто
Закрыты",
Заморозка,Заморозки,
занятий,занятий,
запрещено,"запрещается
запрещен
запрещено",
Запуск,Запуск,
заражения,заражения,
Зарегистрирован,"Зарегистрирован
Зарегистрирована
Зарегистрированы",
Засуха,"Засуха
засухи",
затопление,"затопление
затоплением
затопления",
Заторы,"заторов
Заторы",
захоронения,захоронения,
здание,"зданий
здания
зданиях",
Землетрясение,"Землетрясение
землетрясения",
земля,земной,
зерно,зерновых,
и,и,
из,из,дактиль
из-за,изза,дактиль
изменение,изменением,
или,или,
инородный,инородного,тела
Интенсивный,"интенсивного
Интенсивный",
интерес,интересах,
инфекционный,"инфекционного
Инфекционное
Инфекционные
инфекционных",
ископаемые,ископаемых,
использовать,использование,
исправность,исправностью,
к,к,
вода канал,каналов,
канал,каналам,тв
канализация,канализационной,
карантин,карантин,
Катастрофа,"Катастрофа
катастрофических
катастрофы",
кислотных,кислота,
класс,класс,
км,км,
колебание,"Колебание
колебание
колебания",
колонка,колонка,газовая
коммунальная,коммунальных,
коммуникация,коммуникаций,транспортная коммуникация
Конго-Крымской,Конго-Крымской,дактиль
контакт,"контакте
контактных",
контроль,контролем,
котел,"котел
котлов",
красный,"красный
красного",
Крупный,Крупный,
культур ,культур,
культура,культурных,
культурно-зрелищное,культурно-зрелищного,
Купание,"Купание
Купание
купания",
лавин,"лавин
Лавины",
легкий,легкой,
лед,"льда
льдов
ледянного",
ледостав,"ледостав
ледостава",
ледоход,"ледоход
ледохода",
лесов,"лесного
Лесной
Лесные
Лесные
лесных
лесов",
летать ,летательного,самолет
лечение профилактика,лечебно-профилактических,
ливень,"ливень
Ливневые",
Ликвидация,"Ликвидация
ликвидирован
ликвидирована
ликвидировано",
линия,линии,
лихорадка,лихорадкой,
люди,людей,
м/с,мс,дактиль
магистральный,магистральных,
малярия,малярией,
Марбург,марбург,
массив,массивах,
массы,"массовая
массового
Массовое
массовой
массовым
массы",жалпы
материал,материалов,
место,местах,
местоположение,местоположения,
место рождение,месторождениях,
металл,металлов,
металл нет,нерудной,
металлургия,металлургической,
метана,метан,
метель,метели,
метр ,м,
метрополитен,"метрополитена
метрополитене",
море,"море
Морские
морских
морском
моря
морской",
мороз,"мороза
Морозы",
мост,"моста
мостами",
на,на,
Наводнение,"Наводнение
наводнения",
нагон,"нагонами
Нагонные",
назначение,назначения,
Наличие,"Наличие
наличия",
Напор,Напор,
Нарушение,"Нарушение
нарушения",
населения,"населения
населенным
населенных",
натуральный,натуральной,
не,не,
не установленный,неустановленным,
невыявленный,невыявленной,
недро,недр,
не оставлять ,Неоставляйте,
неразорвавшихся,неразорвавшихся,
Несчастье,Несчастный,
нет,"нет
отсутствует",
нефть,"нефти
нефтяных",
нефть газ,нефтегазовой,
нефть переработка,"нефтеперерабатывающей
нефтепереработки",
нефть химия,нефтехимической,
нехватка,нехватки,
Низкий,"Низкий
низкого",
о,о,
обвал,"обвалов
Обвалы",
обеспечение,обеспечения,
Обледенение,"Обледенение
обледенения",
Обнаружение,"Обнаружение
обнаружением
обнаружении
обнаружения",
оборудование,"оборудовании
оборудования",
образование,"образованием
образовательных",
обрушение,"обрушение
обрушения",
обслуживание,обслуживание,
Обстановка,Обстановка,
общество,"общественного
общественный
общественных",
объект,"объектах
объекте
объектов",
ограничение,"ограничен
ограничение
ограничено",
ожидание,"Ожидается
Ожидаются",
оледенение,"оледенение
оледенения",
Опасность,"опасная
опасной
опасности
Опасность
Опасные
опасных",
операция,операция,
оползень,"оползней
Оползни",
оранжевый,"оранжевый
оранжевого",
организм,организмов,
осадок,осадков,
особо,особо,
оспа,оспой,
Осторожно,Осторожно,
Осыпь,Осыпи,
отключить,"отключение
отключения",
открыто,"открыта
открытых",
Отмена,Отмена,
отравление,"отравление
Отравления
отравляющими",
отрасль,"отрасли
отраслях",
очистка,"очистке
очистном
очистных",
паводок,"паводка
паводки
паводков",
Падение,"Падение
падения",
пандемия,"пандемии
пандемия",
пассажир,"пассажирских
пассажирском",
пастбище,пастбищах,
ПДК,пдк,дактиль
Перелив,Перелив,
Переполнение,"Переполнение
переполнения",
переработка,переработки,
переход,"переходах
переходом",
питания,"питания
пищевой",
пить,питьевой,
плавать,"плавательных
плавучими",
плита,плита,
плотины,плотины,
плывун,плывунов,
,,
поверхность,"поверхности
поверхностных",
повторный,"повторного
повтороного",
повышение,"повышение
повышенного
повышенный",
под,под,
подземный,"подземного
Подземные
Подземный
подземных",
Подъем,Подъемы,
поезд,поездов,
пожар,"пожар
пожара
пожарной
пожару
Пожары",
покров ,"покров
покрова",
поле,полях,
поливной,поливных,
Половодье,"Половодье
половодья",
положение,положения,
полоса,полосы,
порода,пород,горные порода
порт,портовых,
порыв,порывами,
пострадавшие,пострадавших,
поток,"поток
потока",
Потребитель,Потребитель,
почва,почве,
появление,"появление
появления",
право порядок,правопорядка,
Превышение,"Превышение
превышения",
преграда,преграду,
предприятие,"предприятии
предприятиях",
предупреждение,предупреждение,
при,при,
приграничный,приграничных,
принимать,приема,
приостановлен,приостановлен,
припай,"припай
припая",
природа,"природного
Природные",
причина,приведшие,
Проверять,Проверьте,
проводить,"проводите
Проводится",
продолжительный,"продолжительного
Продолжительные
продолжительный",
продукты,продуктами,
производить,произведен,
Производство,"Производственная
производственного
производственном",
промышленность,"промышленном
промышленности
промышленных",
Прорыв,"Прорыв
прорыва
прорывного",
просадка ,просадок,
пространство,пространствах,
Просьба,"Просим
Просьба",
профилактика,профилактический,
пульпа,пульпы,
Пункт,"пунктам
пунктах
пунктов
Пункты",
Пыль,"Пыльные
пыльных",
пьяный,пьяном,
радиация,"радиации
радиационного",
радиация опасность,радиационноопасных,
радио,радио,
радиоактивный,"радиоактивными
радиоактивных",
разведка,разведки,
Размыв,"Размыв
размыва",
район,районе,
ракета,ракеты,
ракета носитель,ракеты–носителя,
Рано,"раннего
Ранний",
распространение,"распространение
распространения",
растение,растений,
РВ,,дактиль
резкий,резкой,
река,"реках
реке
реки
речном
речных",
реконструируемый,реконструируемых,
республика,республики,
Рост,Рост,
рука,руках,
русло,руслу,
с,с,
сбор,сбора,
сброс,"сброс
сброса",
свалка,свалок,
Своевременно,Своевременно,
свойство,свойств,
связи,"связанные
связи",
сгораемый,сгораемым,
СДЯВ,сдяв,
сектор,секторе,
село хозяйство,"сельскохозяйственного
сельскохозяйственном
сельскохозяйственных
сельхоз",
село хозяйство животное,сельхозживотных,
Сель,"селевого
селевой
Сели
селя",
сеть,"сетей
сетях",
сибирь,сибирской,
Сила,"Сила
Сильная
сильного
Сильное
сильной
Сильные
Сильный",
сила действие,сильнодействующих,әсер
системах,"систем
системах
системе",
ситуация,ситуаций,
скважина,скважинах,
склад,складских,
Склон,"Склоновые
Склоновый
склоновых",
скопления,скопления,
следить,"следите
присмотра",
служба,службе,
случай,"случаи
случай
случая",
смена,смены,
смертелен,смертелен,
смыв,"смыв
смывов
смывы",
снег,"снеговые
снегопад",
Снято,"Снята
Снятие
снятие
снятии
снято",
со,со,
соблюдать,соблюдать,
Создать,Создалась,
Сообщение,"Сообщение
сообщений",
сооружение,"сооружении
сооружений
сооружениях",
состав,состава,
состояние,состояния,
социальный,социального,
спокойствие,спокойствие,
спуск,спуск,
средство,средствах,
станциях,"станции
станциях",
степь,"степного
Степной
Степные",
строить,"строительных
строящихся",
строить площадь,стройплощадках,
строй,строя,
судно,"судами
судов",
Суховей,"Суховей
суховея",
Сход,"Сход
схода",
сыпной,сыпным,
телевизор,ТВ,
телевизор коммуникация,телекоммуникаций,
телевизор радио канал,телерадиоканалам,
телефон,телефоны,
температура,температуры,
тепло,тепловых,
тепло электр станция,теплоэлектростанции,
тепло энергия,теплоэнергетических,
территория,территории,
Терроризм,"Террористический
террористического
террористической",
техника,"техническое
технологическом",
,,
тиф,тифом,
товар,"товарном
товарных",
токсичный,токсичными,
толчок,толчка,
тонкий,тонкий,
тонуть люди,утонувших,
торговля,торговли,
транспорт,"транспорт
транспорта
транспорте
Транспортная
транспортной
Транспортные
транспортных",
труба провод,трубопроводного ,
туман,"туман
тумана",
туннель,туннеля,
тяга,тягу,
тяжелый,тяжелых,
угарный,угарный,
уголь,угольной,
угроза,"Угроза
угрозе
угрозой
угрозы",
указание,указаниям,
уровень,"уровень
Уровни
уровня",
усиление,"усиление
усиления",
услуга,услуги,
установка,"установками
установках
установлен
установленных",
устранить,устранена,
утеплитель,утеплителем,
утечка,"утечке
утечки",
участок,"участки
участке",
учиться,учение,
учреждение,учреждениях,
фонтан,фонтанов,
химия,"химически
химическими
химических
химической",
хлеб продукты,хлебопродуктов,
хлопок,хлопка,
холерой,холера,
хранилище,хранилищ,
хранить,хранения,
целый,целостности,
цель,целях,
частный,частном,
через,через,
число,числа,
чрезвычайно,"чрезвычайного
чрезвычайных",
ЧС,чс,
чума,чумой,
шахта,шахтах,
,,
Шторм,"Штормовое
штормовыми",
Эбола,Эбола,дактиль
эвакуация,эвакуации,
экзотический,"экзотические
экзотических",
электр,электрических,
электр сеть,электросетях,
электр станция,электростанции,
электр энергия,"электроэнергетических
электроэнергетической
электроэнергии",
энергия система,энергосистемы,
энцефалит,энцефалитом,
эпидемия,"эпидемии
эпидемической
эпидемия",
эпицентр,эпицентром,
этаж,этажных,
этиология,этиологии,
яд,"ядовитым
ядовитых",
язва,язвой,